Ad Set Name,Treatment,Location,Ad name,Result type,Results,Reach,Impressions,Cost per result,Amount spent (INR),Clicks (all),CTR (all) (click through rate),CPC (All) (cost per click),Reporting starts,Reporting ends,,,,
Lipoma-Coimbatore-Sep23,Lipoma,Coimbatore,Lipoma-Coimbatore-Video,Meta Leads,70,235498,482468,624.2068571,43694.48,2747,0.56936419,15.9062541,9/1/2023,9/30/2023,,,,
Lipoma-Chennai-Sep23,Lipoma,Chennai,Lipoma-Chennai-Video,Meta Leads,80,247162,446255,412.8035,33024.28,1760,0.39439334,18.76379545,9/1/2023,9/30/2023,,,,
Circumcision-Kochi-Sep23,Circumcision,Kochi,Circumcision-Kochi-Banana on surgeon's hand,Meta Leads,72,158168,323034,297.5108333,21420.78,2450,0.7584341,8.74317551,9/1/2023,9/30/2023,,,,
Lipoma-Trivandrum-Sep23,Lipoma,Trivandrum,Lipoma-Trivandrum-Video,Meta Leads,44,135510,278108,462.7893182,20362.73,1586,0.57028205,12.83904792,9/1/2023,9/30/2023,,,avg of cost per result,297.6987766
Lipoma-Vizag-Sep23,Lipoma,Vizag,Lipoma-Vizag-Video,Meta Leads,71,106238,193100,277.3084507,19688.9,1498,0.77576385,13.14345794,9/1/2023,9/30/2023,,,,
Gynecomastia-Trivandrum-Sep23,Gynecomastia,Trivandrum,Gynecomastia-Trivandrum-Grade 1 to 4,Meta Leads,66,126013,204360,211.7027273,13972.38,1069,0.5230965,13.0705145,9/1/2023,9/30/2023,,,sum of cost per result,94072.81341
Circumcision-Chennai-Sep23,Circumcision,Chennai,Circumcision-Chennai-Pen,Meta Leads,15,44397,71171,856.496,12847.44,363,0.5100392,35.39239669,9/1/2023,9/30/2023,,,,
Circumcision-Chennai-Sep23,Circumcision,Chennai,Circumcision-Chennai-Video,Meta Leads,14,44661,70293,915.495,12816.93,468,0.66578464,27.38660256,9/1/2023,9/30/2023,,,avg of reach,12285.68354
Circumcision-Trivandrum-Sep23,Circumcision,Trivandrum,Circumcision-Trivandrum-Banana on surgeon's hand,Meta Leads,29,116602,202269,441.7606897,12811.06,1162,0.5744825,11.02500861,9/1/2023,9/30/2023,,,,
Lipoma-Hyderabad-Sep23,Lipoma,Hyderabad,Lipoma-Hyderabad-Video,Meta Leads,83,98459,148058,147.2255422,12219.72,1150,0.77672264,10.62584348,9/1/2023,9/30/2023,,,sum of reach,3882276
Lipoma-Bangalore-Sep23,Lipoma,Bangalore,Lipoma-Bangalore-Video,Meta Leads,55,91375,130470,200.3376364,11018.57,856,0.65608952,12.87216121,9/1/2023,9/30/2023,,,,
Lipoma-Kochi-Sep23,Lipoma,Kochi,Lipoma-Kochi-Video,Meta Leads,30,62730,109450,363.931,10917.93,811,0.74097762,13.4623058,9/1/2023,9/30/2023,,,,
Piles-Kochi-Sep23,Piles,Kochi,Piles-Kochi-plastic body & tissue paper,Meta Leads,22,117330,168140,476.695,10487.29,626,0.37230879,16.75285942,9/1/2023,9/30/2023,,,,
Gynecomastia-Kochi-Sep23,Gynecomastia,Kochi,Gynecomastia-Kochi-Grade 1 to 4,Meta Leads,52,101883,155819,198.1682692,10304.75,711,0.45629865,14.49331927,9/1/2023,9/30/2023,,,,
Gynecomastia-Hyderabad-Sep23,Gynecomastia,Hyderabad,Gynecomastia-Hyderabad-Man holding bag strap,Meta Leads,44,59259,85892,173.6270455,7639.59,743,0.86503982,10.28208614,9/1/2023,9/30/2023,,,,
Cataract-Chennai-Sep23,Cataract,Chennai,Cataract-Chennai-Video,Meta Leads,13,32093,45313,583.6146154,7586.99,324,0.71502659,23.4166358,9/1/2023,9/30/2023,,,,
Circumcision-Trivandrum,Circumcision,Trivandrum,Circumcision-Trivandrum-Rollon,Meta Leads,11,45030,76573,665.7554546,7323.31,599,0.78226007,12.22589316,9/1/2023,9/30/2023,,,,
Circumcision-Chennai,Circumcision,Chennai,Circumcision-Chennai-Video,Meta Leads,16,32035,48834,440.4125,7046.6,275,0.56313224,25.624,9/1/2023,9/30/2023,,,,
Piles-Chennai-Sep23,Piles,Chennai,Piles-Chennai-Video,Meta Leads,14,24691,44212,492.2442857,6891.42,504,1.139962,13.67345238,9/1/2023,9/30/2023,,,,
Gynecomastia-Trivandrum-Sep23,Gynecomastia,Trivandrum,Gynecomastia-Trivandrum-Video,Meta Leads,30,51007,82533,218.7853333,6563.56,541,0.65549538,12.13227357,9/1/2023,9/30/2023,,,,
Piles-Coimbatore-Sep23,Piles,Coimbatore,Piles-Coimbatore-Video,Meta Leads,8,20100,30527,744.51,5956.08,435,1.42496806,13.69213793,9/1/2023,9/30/2023,,,,
Circumcision-Coimbatore-Sep23,Circumcision,Coimbatore,Circumcision-Coimbatore-Video,Meta Leads,9,19464,31870,646.69,5820.21,326,1.02290555,17.85340491,9/1/2023,9/30/2023,,,,
Gynecomastia-Kochi-Sep23,Gynecomastia,Kochi,Gynecomastia-Kochi-Video,Meta Leads,20,41744,62164,276.7285,5534.57,323,0.51959333,17.13489164,9/1/2023,9/30/2023,,,,
Circumcision-Coimbatore,Circumcision,Coimbatore,Circumcision-Coimbatore-Video,Meta Leads,1,27411,39757,4892.6,4892.6,273,0.68667153,17.92161172,9/1/2023,9/30/2023,,,,
Circumcision-Vizag-Sep23,Circumcision,Vizag,Circumcision-Vizag-Banana on surgeon's hand,Meta Leads,5,39688,53584,975.782,4878.91,249,0.46469095,19.59401606,9/1/2023,9/30/2023,,,,
Varicose Vein-Bangalore-Sep23,Varicose Vein,Bangalore,Varicose Vein-Bangalore-Video,Meta Leads,10,17528,24411,473.668,4736.68,311,1.27401581,15.23048232,9/1/2023,9/30/2023,,,,
Circumcision-Kochi,Circumcision,Kochi,Circumcision-Kochi-Rollon,Meta Leads,4,25236,39442,1168.19,4672.76,277,0.70229704,16.86916968,9/1/2023,9/30/2023,,,,
Lipoma-Chennai-Sep23,Lipoma,Chennai,Lipoma-Chennai-Video,Meta Leads,6,74396,88594,770.0816667,4620.49,168,0.18962909,27.50291667,9/1/2023,9/30/2023,,,,
Gynecomastia-Hyderabad-Sep23,Gynecomastia,Hyderabad,Gynecomastia-Hyderabad-Video,Meta Leads,20,48432,61004,228.6275,4572.55,225,0.36882827,20.32244444,9/1/2023,9/30/2023,,,,
Circumcision-Chennai,Circumcision,Chennai,Circumcision-Chennai-Pen,Meta Leads,5,15655,23302,870.01,4350.05,98,0.42056476,44.38826531,9/1/2023,9/30/2023,,,,
Circumcision-Coimbatore-Sep23,Circumcision,Coimbatore,Circumcision-Coimbatore-Man with black t-shirt,Meta Leads,5,15441,23086,861.47,4307.35,138,0.59776488,31.21268116,9/1/2023,9/30/2023,,,,
Lipoma-Coimbatore-Sep23,Lipoma,Coimbatore,Lipoma-Coimbatore-Girl's hand,Meta Leads,9,29209,47972,475.8066667,4282.26,301,0.62744935,14.22677741,9/1/2023,9/30/2023,,,,
Circumcision-Bangalore-Sep23,Circumcision,Bangalore,Circumcision-Bangalore-Pen,Meta Leads,11,14994,21888,385.9536364,4245.49,129,0.58936404,32.91077519,9/1/2023,9/30/2023,,,,
Circumcision-Hyderabad,Circumcision,Hyderabad,Circumcision-Hyderabad-Video,Meta Leads,11,25911,35768,383.5909091,4219.5,179,0.50044733,23.5726257,9/1/2023,9/30/2023,,,,
Piles-Hyderabad-Sep23,Piles,Hyderabad,Piles-Hyderabad-Video,Meta Leads,13,18195,29100,322.6276923,4194.16,346,1.18900344,12.12184971,9/1/2023,9/30/2023,,,,
001-Circumcision-Vizag-Urology-LG,Circumcision,Vizag,Ad-05-001-Circumsicion-Vizag-Urology-LG,Meta Leads,6,20782,30899,682.28,4093.68,177,0.57283407,23.12813559,9/1/2023,9/30/2023,,,,
Lipoma-Trivandrum-Sep23,Lipoma,Trivandrum,Lipoma-Trivandrum-Video,Meta Leads,1,46016,55047,4087.01,4087.01,217,0.39420859,18.83414747,9/1/2023,9/30/2023,,,,
Piles-Kochi-Sep23,Piles,Kochi,Piles-Kochi-Video,Meta Leads,13,18007,33754,307.74,4000.62,463,1.37168928,8.64064795,9/1/2023,9/30/2023,,,,
001-Circumcision-Kochi-Urology-LG,Circumcision,Kochi,Ad-04-001-Circumsicion-Kochi-Urology-LG – Copy,Meta Leads,4,22403,32562,939.66,3758.64,216,0.66334992,17.40111111,9/1/2023,9/30/2023,,,,
Piles-Chennai-Sep23,Piles,Chennai,Piles-Chennai-Video,Meta Leads,5,19003,27963,722.776,3613.88,222,0.79390623,16.27873874,9/1/2023,9/30/2023,,,,
001-Piles-Vizag-Procto-LG,Piles,Vizag,Ad-05-001-Piles-Vizag-Procto-LG-Video,Meta Leads,8,19634,25803,450.12875,3601.03,192,0.74409952,18.75536458,9/1/2023,9/30/2023,,,,
Lipoma-Coimbatore-Sep23,Lipoma,Coimbatore,Lipoma-Coimbatore-Video,Meta Leads,6,48732,55091,599.5716667,3597.43,172,0.31221071,20.9152907,9/1/2023,9/30/2023,,,,
Gynecomastia-Bangalore-Sep23,Gynecomastia,Bangalore,Gynecomastia-Bangalore-Video,Meta Leads,9,31055,38893,396.8022222,3571.22,153,0.39338698,23.34130719,9/1/2023,9/30/2023,,,,
Gynecomastia-Bangalore-Sep23,Gynecomastia,Bangalore,Gynecomastia-Bangalore-Video,Meta Leads,12,35213,44848,294.6825,3536.19,165,0.36790938,21.43145455,9/1/2023,9/30/2023,,,,
Piles-Vizag-Sep23,Piles,Vizag,Piles-Vizag-Video,Meta Leads,5,21102,30658,700.99,3504.95,300,0.97853741,11.68316667,9/1/2023,9/30/2023,,,,
Gynecomastia-Hyderabad-Sep23,Gynecomastia,Hyderabad,Gynecomastia-Hyderabad-Video,Meta Leads,27,51326,67732,125.8592593,3398.2,235,0.34695565,14.46042553,9/1/2023,9/30/2023,,,,
Circumcision-Bangalore-Sep23,Circumcision,Bangalore,Circumcision-Bangalore-Video,Meta Leads,9,19674,25171,376.3677778,3387.31,110,0.43701085,30.79372727,9/1/2023,9/30/2023,,,,
Circumcision-Coimbatore-Sep23,Circumcision,Coimbatore,Circumcision-Coimbatore-Pen,Meta Leads,2,18293,25939,1688.45,3376.9,106,0.40865107,31.85754717,9/1/2023,9/30/2023,,,,
Varicose Vein-Bangalore-Sep23,Varicose Vein,Bangalore,Varicose Vein-Bangalore-Video,Meta Leads,11,15846,21846,302.47,3327.17,246,1.12606427,13.5250813,9/1/2023,9/30/2023,,,,
Circumcision-Trivandrum-Sep23,Circumcision,Trivandrum,Circumcision-Trivandrum-Pen,Meta Leads,6,38975,49836,539.655,3237.93,157,0.31503331,20.62375796,9/1/2023,9/30/2023,,,,
Circumcision-Hyderabad-Sep23,Circumcision,Hyderabad,Circumcision-Hyderabad-Video,Meta Leads,8,17043,23224,392.23375,3137.87,119,0.51240096,26.36865546,9/1/2023,9/30/2023,,,,
001-Circumcision-Kochi-Urology-LG,Circumcision,Kochi,Ad-04-001-Circumsicion-Kochi-Urology-LG – Copy,Meta Leads,3,20736,28215,1029.026667,3087.08,142,0.5032784,21.74,9/1/2023,9/30/2023,,,,
Circumcision-Hyderabad,Circumcision,Hyderabad,Circumcision-Hyderabad-Pen,Meta Leads,8,23638,28806,365.42,2923.36,59,0.20481844,49.54847458,9/1/2023,9/30/2023,,,,
Circumcision-Hyderabad-Sep23,Circumcision,Hyderabad,Circumcision-Hyderabad-Pen,Meta Leads,4,15698,19979,706.0425,2824.17,84,0.42044146,33.62107143,9/1/2023,9/30/2023,,,,
Gynecomastia-Vizag-Sep23,Gynecomastia,Vizag,Gynecomastia-Vizag-Grade 1 to 4,Meta Leads,14,21060,28289,200.5371429,2807.52,166,0.58680052,16.91277108,9/1/2023,9/30/2023,,,,
Gynecomastia-Hyderabad-Sep23,Gynecomastia,Hyderabad,Gynecomastia-Hyderabad-Grade 1 to 4,Meta Leads,17,31655,37006,163.88,2785.96,198,0.53504837,14.07050505,9/1/2023,9/30/2023,,,,
Hair Transplant-Chennai-Sep23,Hair Transplant,Chennai,Hair Transplant-Chennai-Video,Meta Leads,18,12432,16409,152.3761111,2742.77,209,1.27369127,13.12330144,9/1/2023,9/30/2023,,,,
Gynecomastia-Vizag-Sep23,Gynecomastia,Vizag,Gynecomastia-Vizag-Video,Meta Leads,11,13696,20161,239.5327273,2634.86,141,0.69937007,18.68695035,9/1/2023,9/30/2023,,,,
Circumcision-Coimbatore-Sep23,Circumcision,Coimbatore,Circumcision-Coimbatore-Pen,Meta Leads,2,16382,21766,1312.635,2625.27,96,0.44105486,27.3465625,9/1/2023,9/30/2023,,,,
Circumcision-Coimbatore,Circumcision,Coimbatore,Circumcision-Coimbatore-Pen,Meta Leads,1,17630,21875,2525,2525,51,0.23314286,49.50980392,9/1/2023,9/30/2023,,,,
Gynecomastia-Kochi-Sep23,Gynecomastia,Kochi,Gynecomastia-Kochi-Man holding bag strap,Meta Leads,12,23295,31718,208.6325,2503.59,158,0.49813986,15.84550633,9/1/2023,9/30/2023,,,,
Circumcision-Kochi,Circumcision,Kochi,Circumcision-Kochi-Video,Meta Leads,0,13204,19036,0,2485,145,0.76171465,17.13793103,9/1/2023,9/30/2023,,,,
Piles-Coimbatore-Sep23,Piles,Coimbatore,Piles-Coimbatore-plastic body & tissue paper,Meta Leads,4,13176,17178,606.9925,2427.97,112,0.65199674,21.67830357,9/1/2023,9/30/2023,,,,
Gynecomastia-Trivandrum-Sep23,Gynecomastia,Trivandrum,Gynecomastia-Trivandrum-Man holding bag strap,Meta Leads,12,18725,28528,199.5566667,2394.68,306,1.0726304,7.82575163,9/1/2023,9/30/2023,,,,
Circumcision-Kochi,Circumcision,Kochi,Circumcision-Kochi-Pen,Meta Leads,1,23037,30079,2355.63,2355.63,96,0.31915955,24.5378125,9/1/2023,9/30/2023,,,,
Circumcision-Trivandrum,Circumcision,Trivandrum,Circumcision-Trivandrum-Video,Meta Leads,3,10537,15248,779.9133333,2339.74,158,1.03620147,14.80848101,9/1/2023,9/30/2023,,,,
Piles-Bangalore-Sep23,Piles,Bangalore,Piles-Bangalore-Video,Meta Leads,5,12650,16528,431.288,2156.44,139,0.8409971,15.51395683,9/1/2023,9/30/2023,,,,
Circumcision-Kochi,Circumcision,Kochi,Circumcision-Kochi-Man with black t-shirt,Meta Leads,3,15530,20730,718.4633333,2155.39,76,0.36661843,28.36039474,9/1/2023,9/30/2023,,,,
001-Varicose Vein-Bangalore-Vascular-LG,Varicose Vein,Bangalore,Ad-06-001-Varicose Vein-Bangalore-Vascular-LG-Video,Meta Leads,9,5797,8249,236.8288889,2131.46,81,0.9819372,26.31432099,9/1/2023,9/30/2023,,,,
Circumcision-Vizag-Sep23,Circumcision,Vizag,Circumcision-Vizag-Video,Meta Leads,2,16864,23100,1045.255,2090.51,79,0.34199134,26.4621519,9/1/2023,9/30/2023,,,,
Gynecomastia-Hyderabad-Sep23,Gynecomastia,Hyderabad,Gynecomastia-Hyderabad-Grade 1 to 4,Meta Leads,9,23030,27690,218.3,1964.7,125,0.45142651,15.7176,9/1/2023,9/30/2023,,,,
Circumcision-Trivandrum,Circumcision,Trivandrum,Circumcision-Trivandrum-Pen,Meta Leads,1,20436,26150,1946.92,1946.92,89,0.34034417,21.87550562,9/1/2023,9/30/2023,,,,
Gynecomastia-Vizag-Sep23,Gynecomastia,Vizag,Gynecomastia-Vizag-Side view of a man without shirt,Meta Leads,5,10450,14648,362.948,1814.74,97,0.66220644,18.70865979,9/1/2023,9/30/2023,,,,
Circumcision-Bangalore-Sep23,Circumcision,Bangalore,Circumcision-Bangalore-Video,Meta Leads,2,10290,12387,906.7,1813.4,54,0.43594091,33.58148148,9/1/2023,9/30/2023,,,,
Circumcision-Hyderabad,Circumcision,Hyderabad,Circumcision-Hyderabad-Rollon,Meta Leads,2,12486,15807,875.525,1751.05,65,0.41121022,26.93923077,9/1/2023,9/30/2023,,,,
Circumcision-Coimbatore-Sep23,Circumcision,Coimbatore,Circumcision-Coimbatore-Video,Meta Leads,1,11337,13930,1736.19,1736.19,82,0.58865757,21.17304878,9/1/2023,9/30/2023,,,,
Piles-Hyderabad-Sep23,Piles,Hyderabad,Piles-Hyderabad-Video,Meta Leads,7,5108,7556,245.9371429,1721.56,84,1.11169931,20.4947619,9/1/2023,9/30/2023,,,,
Lipoma-Hyderabad-Sep23,Lipoma,Hyderabad,Lipoma-Hyderabad-Video,Meta Leads,5,15524,17539,320.598,1602.99,96,0.54735162,16.6978125,9/1/2023,9/30/2023,,,,
Circumcision-Trivandrum,Circumcision,Trivandrum,Circumcision-Trivandrum-Man with black t-shirt,Meta Leads,1,17784,21916,1560.56,1560.56,76,0.34677861,20.53368421,9/1/2023,9/30/2023,,,,
001-Piles-Kochi-Procto-LG,Piles,Kochi,Ad-05-001-Piles-Kochi-Procto-LG-Video,Meta Leads,2,7642,11061,762.035,1524.07,116,1.04872977,13.13853448,9/1/2023,9/30/2023,,,,
Circumcision-Chennai-Sep23,Circumcision,Chennai,Circumcision-Chennai-Rollon,Meta Leads,2,6393,7865,734.15,1468.3,53,0.67387158,27.70377358,9/1/2023,9/30/2023,,,,
001-Circumcision-Bangalore-Urology-LG,Circumcision,Bangalore,Ad-05-001-Circumsicion-Bangalore-Urology-LG,Meta Leads,4,5256,6753,366.7175,1466.87,60,0.888494,24.44783333,9/1/2023,9/30/2023,,,,
Circumcision-Chennai,Circumcision,Chennai,Circumcision-Chennai-Roll-on,Meta Leads,0,6199,8145,0,1355.39,39,0.47882136,34.75358974,9/1/2023,9/30/2023,,,,
Circumcision-Chennai,Circumcision,Chennai,Circumcision-Chennai-Pen on Surgeon's Hand,Meta Leads,1,6637,9022,1345.87,1345.87,43,0.47661272,31.29930233,9/1/2023,9/30/2023,,,,
Piles-Kochi-Sep23,Piles,Kochi,Piles-Kochi-Man sitting on a sofa,Meta Leads,3,17871,21556,438.0966667,1314.29,42,0.19484134,31.29261905,9/1/2023,9/30/2023,,,,
Piles-Bangalore-Sep23,Piles,Bangalore,Piles-Bangalore-plastic body & tissue paper,Meta Leads,9,8329,10822,143.8255556,1294.43,108,0.9979671,11.98546296,9/1/2023,9/30/2023,,,,
Circumcision-Kochi-Sep23,Circumcision,Kochi,Circumcision-Kochi-Video,Meta Leads,3,6948,10091,428.0566667,1284.17,83,0.82251511,15.47192771,9/1/2023,9/30/2023,,,,
Lipoma-Bangalore-Sep23,Lipoma,Bangalore,Lipoma-Bangalore-Video,Meta Leads,7,14631,16105,183.3428571,1283.4,73,0.45327538,17.58082192,9/1/2023,9/30/2023,,,,
Lipoma-Chennai-Sep23,Lipoma,Chennai,Lipoma-Chennai-Girl looking on lipoma,Meta Leads,4,7355,13006,318.8225,1275.29,134,1.03029371,9.51708955,9/1/2023,9/30/2023,,,,
001-Circumcision-Chennai-Urology-LG,Circumcision,Chennai,Ad-03-001-Circumsicion-Chennai-Urology-LG,Meta Leads,2,9622,11033,635.745,1271.49,67,0.6072691,18.97746269,9/1/2023,9/30/2023,,,,
Piles-Kolkata-LG-Bengali Language,Piles,Kolkata,Piles-Kolkata-LG-Man Back photo,Meta Leads,5,4142,5221,254.002,1270.01,83,1.58973377,15.3013253,9/1/2023,9/30/2023,,,,
Piles-Kochi-Sep23,Piles,Kochi,Piles-Kochi-Girl holding cactus,Meta Leads,2,11808,16537,624.775,1249.55,84,0.50795187,14.87559524,9/1/2023,9/30/2023,,,,
Lipoma-Trivandrum-Sep23,Lipoma,Trivandrum,Lipoma-Trivandrum-Girl's hand,Meta Leads,2,15337,19525,624.12,1248.24,91,0.46606914,13.71692308,9/1/2023,9/30/2023,,,,
Circumcision-Chennai,Circumcision,Chennai,Circumcision-Chennai-Man with black t-shirt,Meta Leads,0,4754,6501,0,1223.6,39,0.59990771,31.37435897,9/1/2023,9/30/2023,,,,
Piles-Chennai-Sep23,Piles,Chennai,Piles-Chennai-plastic body & tissue paper,Meta Leads,3,5787,8267,392.64,1177.92,33,0.39917745,35.69454545,9/1/2023,9/30/2023,,,,
Lipoma-Coimbatore-Sep23,Lipoma,Coimbatore,Lipoma-Coimbatore-Girl's forehead,Meta Leads,0,8289,10912,0,1158.07,50,0.45821114,23.1614,9/1/2023,9/30/2023,,,,
Circumcision-Trivandrum-Sep23,Circumcision,Trivandrum,Circumcision-Trivandrum-Video,Meta Leads,1,5505,8182,1147.58,1147.58,105,1.28330482,10.92933333,9/1/2023,9/30/2023,,,,
Piles-Bangalore-Sep23,Piles,Bangalore,Piles-Bangalore-Video,Meta Leads,5,4904,6643,228.844,1144.22,66,0.99352702,17.33666667,9/1/2023,9/30/2023,,,,
Circumcision-Kochi,Circumcision,Kochi,Circumcision-Kochi-Pen on Surgeon's Hand,Meta Leads,0,8171,10163,0,1130.43,44,0.43294303,25.69159091,9/1/2023,9/30/2023,,,,
Circumcision-Bangalore-Sep23,Circumcision,Bangalore,Circumcision-Bangalore-Man with black t-shirt,Meta Leads,1,4944,6146,1082.82,1082.82,27,0.43931012,40.10444444,9/1/2023,9/30/2023,,,,
001-Circumcision-Kochi-Urology-LG,Circumcision,Kochi,Ad-01-001-Circumsicion-Kochi-Urology-LG,Meta Leads,4,3333,4436,268.2475,1072.99,43,0.96934175,24.95325581,9/1/2023,9/30/2023,,,,
Piles-Vizag-Sep23,Piles,Vizag,Piles-Vizag-Man Standing Inside a Theatre,Meta Leads,3,9606,11662,356.64,1069.92,40,0.34299434,26.748,9/1/2023,9/30/2023,,,,
Circumcision-Vizag-Sep23,Circumcision,Vizag,Circumcision-Vizag-Pen on Surgeon's Hand,Meta Leads,2,10469,12097,530.6,1061.2,30,0.24799537,35.37333333,9/1/2023,9/30/2023,,,,
Piles-Kochi-Sep23,Piles,Kochi,Piles-Kochi-Video-Man Standing Inside a Theatre,Meta Leads,2,8908,11509,525.6,1051.2,37,0.32148753,28.41081081,9/1/2023,9/30/2023,,,,
Circumcision-Chennai-Sep23,Circumcision,Chennai,Circumcision-Chennai-Pen on Surgeon's Hand,Meta Leads,1,5668,6649,1019.24,1019.24,18,0.2707174,56.62444444,9/1/2023,9/30/2023,,,,
Piles-Kolkata-LG,Piles,Kolkata,Piles-Kolkata-LG-Man Driving a Car,Meta Leads,2,1843,2153,504.525,1009.05,20,0.92893637,50.4525,9/1/2023,9/30/2023,,,,
Piles-Trivandrum-Sep23,Piles,Trivandrum,Piles-Trivandrum-plastic body & tissue paper,Meta Leads,2,10406,11930,502.935,1005.87,44,0.36881811,22.86068182,9/1/2023,9/30/2023,,,,
Circumcision-Coimbatore-Sep23,Circumcision,Coimbatore,Circumcision-Coimbatore-Man with black t-shirt,Meta Leads,2,6589,8052,493.085,986.17,35,0.43467462,28.17628571,9/1/2023,9/30/2023,,,,
Piles-Vizag-Sep23,Piles,Vizag,Piles-Vizag-plastic body & tissue paper,Meta Leads,2,10025,12398,492.695,985.39,46,0.37102759,21.42152174,9/1/2023,9/30/2023,,,,
Cataract-Bangalore-Oct23,Cataract,Bangalore,Cataract-Bangalore-Old Man Eye,Meta Leads,3,3601,4148,320.5066667,961.52,32,0.77145612,30.0475,9/1/2023,9/30/2023,,,,
Piles-Coimbatore-Sep23,Piles,Coimbatore,Piles-Coimbatore-Man sitting on a sofa,Meta Leads,0,3719,5043,0,955.2,45,0.892326,21.22666667,9/1/2023,9/30/2023,,,,
Gynecomastia-Bangalore-Sep23,Gynecomastia,Bangalore,Gynecomastia-Bangalore-Grade 1 to 4,Meta Leads,5,6130,8033,190.378,951.89,45,0.56018922,21.15311111,9/1/2023,9/30/2023,,,,
Piles-Hyderabad-Sep23,Piles,Hyderabad,Piles-Hyderabad-plastic body & tissue paper,Meta Leads,2,9818,11317,469.91,939.82,25,0.2209066,37.5928,9/1/2023,9/30/2023,,,,
Circumcision-Vizag-Sep23,Circumcision,Vizag,Circumcision-Vizag-Rollon,Meta Leads,2,8727,10318,467.61,935.22,41,0.39736383,22.8102439,9/1/2023,9/30/2023,,,,
Circumcision-Coimbatore,Circumcision,Coimbatore,Circumcision-Coimbatore-Rollon,Meta Leads,1,5648,6777,930.15,930.15,50,0.73778958,18.603,9/1/2023,9/30/2023,,,,
001-Circumcision-Vizag-Urology-LG,Circumcision,Vizag,Ad-01-001-Circumsicion-Vizag-Urology-LG,Meta Leads,3,3899,5399,298.9966667,896.99,46,0.85200963,19.49978261,9/1/2023,9/30/2023,,,,
Circumcision-Hyderabad-Sep23,Circumcision,Hyderabad,Circumcision-Hyderabad-Video,Meta Leads,7,3843,5235,127.6514286,893.56,60,1.14613181,14.89266667,9/1/2023,9/30/2023,,,,
Circumcision-Bangalore-Sep23,Circumcision,Bangalore,Circumcision-Bangalore-Rollon,Meta Leads,1,4935,5984,887.88,887.88,19,0.31751337,46.73052632,9/1/2023,9/30/2023,,,,
Cataract-Chennai-Sep23,Cataract,Chennai,Cataract-Chennai-Old women eye,Meta Leads,0,3417,4407,0,869.72,15,0.3403676,57.98133333,9/1/2023,9/30/2023,,,,
Circumcision-Trivandrum-Sep23,Circumcision,Trivandrum,Circumcision-Trivandrum-Man with black t-shirt,Meta Leads,0,10066,12181,0,866.08,43,0.35300878,20.14139535,9/1/2023,9/30/2023,,,,
Cataract-Chennai-Sep23,Cataract,Chennai,Cataract-Chennai-Old man reading book,Meta Leads,1,1806,2355,834.69,834.69,11,0.4670913,75.88090909,9/1/2023,9/30/2023,,,,
Piles-Kochi-Sep23,Piles,Kochi,Piles-Kochi-plastic body & tissue paper,Meta Leads,1,12559,13046,831.44,831.44,22,0.16863406,37.79272727,9/1/2023,9/30/2023,,,,
001-Circumcision-Kochi-Urology-LG,Circumcision,Kochi,Ad-01-001-Circumsicion-Kochi-Urology-LG,Meta Leads,0,4076,6006,0,821.56,39,0.64935065,21.06564103,9/1/2023,9/30/2023,,,,
Gynecomastia-Vizag-Sep23,Gynecomastia,Vizag,Gynecomastia-Vizag-Man holding bag strap,Meta Leads,1,5408,7010,793.86,793.86,37,0.5278174,21.45567568,9/1/2023,9/30/2023,,,,
Cataract-Chennai-Sep23,Cataract,Chennai,Cataract-Chennai-old man eye,Meta Leads,3,1692,2210,263.2566667,789.77,13,0.58823529,60.75153846,9/1/2023,9/30/2023,,,,
Lipoma-Coimbatore-Sep23,Lipoma,Coimbatore,Lipoma-Coimbatore-Girl Striking Lump,Meta Leads,1,3437,4625,770.52,770.52,39,0.84324324,19.75692308,9/1/2023,9/30/2023,,,,
Lipoma-Kochi-Sep23,Lipoma,Kochi,Lipoma-Kochi-Girl's hand,Meta Leads,2,5152,6287,385.225,770.45,42,0.66804517,18.34404762,9/1/2023,9/30/2023,,,,
Circumcision-Trivandrum,Circumcision,Trivandrum,Circumcision-Trivandrum-Pen on Surgeon's Hand,Meta Leads,3,5981,7517,256.11,768.33,40,0.53212718,19.20825,9/1/2023,9/30/2023,,,,
Circumcision-Bangalore-Sep23,Circumcision,Bangalore,Circumcision-Bangalore-Pen on surgeon's Hand,Meta Leads,1,4691,5562,762.79,762.79,17,0.30564545,44.87,9/1/2023,9/30/2023,,,,
001-Piles-Kochi-Procto-LG,Piles,Kochi,Ad-02-001-Piles-Kochi-Procto-LG,Meta Leads,0,6567,8461,0,757.34,42,0.49639523,18.03190476,9/1/2023,9/30/2023,,,,
Piles-Trivandrum-Sep23,Piles,Trivandrum,Piles-Trivandrum-Video,Meta Leads,1,3410,5664,748.28,748.28,92,1.62429379,8.13347826,9/1/2023,9/30/2023,,,,
001-Circumcision-Chennai-Urology-LG,Circumcision,Chennai,Ad-02-001-Circumsicion-Chennai-Urology-LG,Meta Leads,3,5344,6134,245.91,737.73,69,1.12487773,10.69173913,9/1/2023,9/30/2023,,,,
001-Piles-Vizag-Procto-LG,Piles,Vizag,Ad-02-001-Piles-Vizag-Procto-LG,Meta Leads,3,5072,5815,245.0333333,735.1,19,0.32674119,38.68947368,9/1/2023,9/30/2023,,,,
Piles-Bangalore-Sep23,Piles,Bangalore,Piles-Bangalore-plastic body & tissue paper,Meta Leads,2,2893,3393,365.63,731.26,22,0.64839375,33.23909091,9/1/2023,9/30/2023,,,,
Circumcision-Trivandrum-Sep23,Circumcision,Trivandrum,Circumcision-Trivandrum-Man with black t-shirt,Meta Leads,1,4977,6336,730.89,730.89,47,0.74179293,15.55085106,9/1/2023,9/30/2023,,,,
Circumcision-Bangalore-Sep23,Circumcision,Bangalore,Circumcision-Bangalore-Pen,Meta Leads,1,3367,3922,719.04,719.04,11,0.28046915,65.36727273,9/1/2023,9/30/2023,,,,
Cataract-Chennai-Sep23,Cataract,Chennai,Cataract-Chennai-Video,Meta Leads,0,2894,3460,0,715.1,20,0.57803468,35.755,9/1/2023,9/30/2023,,,,
Lipoma-Trivandrum-Sep23,Lipoma,Trivandrum,Lipoma-Trivandrum-Girl's forehead,Meta Leads,1,7537,10201,689.6,689.6,71,0.6960102,9.71267606,9/1/2023,9/30/2023,,,,
Piles-Bangalore-Sep23,Piles,Bangalore,Piles-Bangalore-Man sitting on a sofa,Meta Leads,2,3432,4174,328.945,657.89,33,0.79060853,19.93606061,9/1/2023,9/30/2023,,,,
Circumcision-Bangalore-Sep23,Circumcision,Bangalore,Circumcision-Bangalore-Video,Meta Leads,1,2690,3430,653.93,653.93,19,0.55393586,34.41736842,9/1/2023,9/30/2023,,,,
Circumcision-Kochi-Sep23,Circumcision,Kochi,Circumcision-Kochi-Pen,Meta Leads,0,9887,10527,0,642.85,22,0.20898642,29.22045455,9/1/2023,9/30/2023,,,,
Piles-Coimbatore-Sep23,Piles,Coimbatore,Piles-Coimbatore-Girl holding cactus,Meta Leads,2,2588,3643,318.095,636.19,28,0.76859731,22.72107143,9/1/2023,9/30/2023,,,,
Liposuction-Vizag-Sep23,Liposuction,Vizag,Liposuction-Vizag-Video,Meta Leads,2,2565,3146,317.33,634.66,49,1.55753338,12.9522449,9/1/2023,9/30/2023,,,,
Circumcision-Kochi-Sep23,Circumcision,Kochi,Circumcision-Kochi-Video,Meta Leads,0,4840,5447,0,621.93,39,0.71599045,15.94692308,9/1/2023,9/30/2023,,,,
Piles-Kochi-Sep23,Piles,Kochi,Piles-Kochi-Man sitting on a sofa,Meta Leads,1,10923,11218,619.32,619.32,39,0.34765555,15.88,9/1/2023,9/30/2023,,,,
Piles-Kochi-Sep23,Piles,Kochi,Piles-Kochi-Video,Meta Leads,0,6359,6949,0,610.25,49,0.70513743,12.45408163,9/1/2023,9/30/2023,,,,
Lipoma-Chennai-Sep23,Lipoma,Chennai,Lipoma-Chennai-Girl's forehead,Meta Leads,4,4835,6634,145.81,583.24,37,0.55773289,15.76324324,9/1/2023,9/30/2023,,,,
Lipoma-Trivandrum-Sep23,Lipoma,Trivandrum,Lipoma-Trivandrum-Child Giving a Drawing to Dad,Meta Leads,0,3587,5035,0,578.95,41,0.8142999,14.12073171,9/1/2023,9/30/2023,,,,
Gynecomastia-Bangalore-Sep23,Gynecomastia,Bangalore,Gynecomastia-Bangalore-Man holding bag strap,Meta Leads,2,2262,2978,275.225,550.45,23,0.77233042,23.9326087,9/1/2023,9/30/2023,,,,
Circumcision-Vizag-Sep23,Circumcision,Vizag,Circumcision-Vizag-Pen,Meta Leads,0,3719,4398,0,543.98,21,0.47748977,25.90380952,9/1/2023,9/30/2023,,,,
001-Varicose Vein-Bangalore-Vascular-LG,Varicose Vein,Bangalore,Ad-01-001-Varicose Vein-Bangalore-Vascular-LG,Meta Leads,0,2126,2886,0,540.38,32,1.10880111,16.886875,9/1/2023,9/30/2023,,,,
Lipoma-Trivandrum-Sep23,Lipoma,Trivandrum,Lipoma-Trivandrum-Girl's hand,Meta Leads,0,5253,6328,0,526.75,27,0.42667509,19.50925926,9/1/2023,9/30/2023,,,,
Gynecomastia-Trivandrum-Sep23,Gynecomastia,Trivandrum,Gynecomastia-Trivandrum-Side view of a man boobs without shirt,Meta Leads,1,6454,7730,517.37,517.37,36,0.46571798,14.37138889,9/1/2023,9/30/2023,,,,
Circumcision-Chennai-Sep23,Circumcision,Chennai,Circumcision-Chennai-Man with black t-shirt,Meta Leads,0,2127,2485,0,513.51,9,0.36217304,57.05666667,9/1/2023,9/30/2023,,,,
Piles-Trivandrum-Sep23,Piles,Trivandrum,Piles-Trivandrum-Man sitting on a sofa,Meta Leads,0,3508,4112,0,512.96,8,0.19455253,64.12,9/1/2023,9/30/2023,,,,
Lipoma-Kochi-Sep23,Lipoma,Kochi,Lipoma-Kochi-Girl's forehead,Meta Leads,1,3326,4580,511.45,511.45,37,0.80786026,13.82297297,9/1/2023,9/30/2023,,,,
Circumcision-Trivandrum-Sep23,Circumcision,Trivandrum,Circumcision-Trivandrum-Video,Meta Leads,1,2602,3264,507.4,507.4,32,0.98039216,15.85625,9/1/2023,9/30/2023,,,,
Piles-Chennai-Sep23,Piles,Chennai,Piles-Chennai-plastic body & tissue paper,Meta Leads,3,2495,3315,165.3666667,496.1,33,0.99547511,15.03333333,9/1/2023,9/30/2023,,,,
Circumcision-Hyderabad,Circumcision,Hyderabad,Circumcision-Hyderabad-Pen on Surgeon's Hand,Meta Leads,0,4036,4463,0,491.39,4,0.08962581,122.8475,9/1/2023,9/30/2023,,,,
001-Varicose Vein-Bangalore-Vascular-LG,Varicose Vein,Bangalore,Ad-04-001-Varicose Vein-Bangalore-Vascular-LG,Meta Leads,1,1383,1754,467.69,467.69,17,0.96921323,27.51117647,9/1/2023,9/30/2023,,,,
001-Piles-Vizag-Procto-LG,Piles,Vizag,Ad-04-001-Piles-Vizag-Procto-LG,Meta Leads,1,1738,2196,465.76,465.76,20,0.91074681,23.288,9/1/2023,9/30/2023,,,,
Gynecomastia-Bangalore-Sep23,Gynecomastia,Bangalore,Gynecomastia-Bangalore-Man holding bag strap,Meta Leads,0,1607,2384,0,453.24,19,0.79697987,23.85473684,9/1/2023,9/30/2023,,,,
Cataract-Bangalore-Oct23,Cataract,Bangalore,Cataract-Bangalore-Man Hanging and Whipping Cataract,Meta Leads,1,2228,2484,447.2,447.2,9,0.36231884,49.68888889,9/1/2023,9/30/2023,,,,
Lipoma-Coimbatore-Sep23,Lipoma,Coimbatore,Lipoma-Coimbatore-Child giving a Drawing to Dad,Meta Leads,0,1434,1854,0,446.39,11,0.59331176,40.58090909,9/1/2023,9/30/2023,,,,
Piles-Hyderabad-Sep23,Piles,Hyderabad,Piles-Hyderabad-Man sitting on a sofa,Meta Leads,0,1346,1557,0,430.74,5,0.32113038,86.148,9/1/2023,9/30/2023,,,,
Circumcision-Chennai-Sep23,Circumcision,Chennai,Circumcision-Chennai-Video,Meta Leads,0,2703,2985,0,425.05,7,0.23450586,60.72142857,9/1/2023,9/30/2023,,,,
Lipoma-Coimbatore-Sep23,Lipoma,Coimbatore,Lipoma-Coimbatore-Girl's hand,Meta Leads,0,2015,2693,0,416.51,20,0.74266617,20.8255,9/1/2023,9/30/2023,,,,
Gynecomastia-Bangalore-Sep23,Gynecomastia,Bangalore,Gynecomastia-Bangalore-Side view of a man without shirt,Meta Leads,1,1968,2455,412.06,412.06,18,0.73319756,22.89222222,9/1/2023,9/30/2023,,,,
Circumcision-Trivandrum-Sep23,Circumcision,Trivandrum,Circumcision-Trivandrum-Banana on surgeon's hand,Meta Leads,0,4185,4683,0,390.7,10,0.21353833,39.07,9/1/2023,9/30/2023,,,,
Piles-Kochi-Sep23,Piles,Kochi,Piles-Kochi-Girl holding cactus,Meta Leads,0,5635,5774,0,385.55,11,0.19050918,35.05,9/1/2023,9/30/2023,,,,
001-Circumcision-Bangalore-Urology-LG,Circumcision,Bangalore,Ad-01-001-Circumsicion-Bangalore-Urology-LG,Meta Leads,0,572,659,0,381.58,2,0.30349014,190.79,9/1/2023,9/30/2023,,,,
Piles-Chennai-Sep23,Piles,Chennai,Piles-Chennai-Girl holding cactus,Meta Leads,1,2632,3283,376.24,376.24,20,0.6091989,18.812,9/1/2023,9/30/2023,,,,
Circumcision-Kochi-Sep23,Circumcision,Kochi,Circumcision-Kochi-Man with black t-shirt,Meta Leads,0,4022,4461,0,375.61,15,0.33624748,25.04066667,9/1/2023,9/30/2023,,,,
Piles-Chennai-Sep23,Piles,Chennai,Piles-Chennai-Man Standing on Theatre,Meta Leads,0,1271,1745,0,374.94,10,0.5730659,37.494,9/1/2023,9/30/2023,,,,
Circumcision-Kochi-Sep23,Circumcision,Kochi,Circumcision-Kochi-Pen,Meta Leads,0,2649,3543,0,373.45,14,0.39514536,26.675,9/1/2023,9/30/2023,,,,
Piles-Vizag-Sep23,Piles,Vizag,Piles-Vizag-Man Driving a Car,Meta Leads,0,2784,3187,0,369.78,7,0.2196423,52.82571429,9/1/2023,9/30/2023,,,,
001-Lipoma-Kochi-Cosmetic-LG,Lipoma,Kochi,Ad-01-001-Lipoma-Kochi-Cosmetic-LG,Meta Leads,0,1644,2275,0,365.46,30,1.31868132,12.182,9/1/2023,9/30/2023,,,,
001-Lipoma-Kochi-Cosmetic-LG,Lipoma,Kochi,Ad-02-001-Lipoma-Kochi-Cosmetic-LG,Meta Leads,3,3226,3529,120.3866667,361.16,27,0.76508926,13.3762963,9/1/2023,9/30/2023,,,,
Piles-Chennai-Sep23,Piles,Chennai,Piles-Chennai-Man sitting on a sofa,Meta Leads,0,1565,2384,0,357.68,23,0.9647651,15.55130435,9/1/2023,9/30/2023,,,,
Circumcision-Hyderabad-Sep23,Circumcision,Hyderabad,Circumcision-Hyderabad-Pen,Meta Leads,3,1812,1998,117.8533333,353.56,7,0.35035035,50.50857143,9/1/2023,9/30/2023,,,,
001-Lipoma-Kochi-Cosmetic-LG,Lipoma,Kochi,Ad-03-001-Lipoma-Kochi-Cosmetic-LG,Meta Leads,1,2452,2734,352.76,352.76,13,0.47549378,27.13538462,9/1/2023,9/30/2023,,,,
Piles-Chennai-Sep23,Piles,Chennai,Piles-Chennai-Man Driving a Car,Meta Leads,0,937,1379,0,346.52,9,0.65264685,38.50222222,9/1/2023,9/30/2023,,,,
Piles-Chennai-Sep23,Piles,Chennai,Piles-Chennai-Girl holding cactus,Meta Leads,1,1621,2380,340.73,340.73,12,0.50420168,28.39416667,9/1/2023,9/30/2023,,,,
Lipoma-Trivandrum-Sep23,Lipoma,Trivandrum,Lipoma-Trivandrum-Girl's forehead,Meta Leads,1,3208,3860,333.24,333.24,18,0.46632124,18.51333333,9/1/2023,9/30/2023,,,,
001-Circumcision-Chennai-Urology-LG,Circumcision,Chennai,Ad-05-001-Circumsicion-Chennai-Urology-LG,Meta Leads,0,1763,2135,0,329.13,24,1.12412178,13.71375,9/1/2023,9/30/2023,,,,
Varicose Vein-Bangalore-Sep23,Varicose Vein,Bangalore,Varicose Vein-Bangalore-Weight on leg,Meta Leads,0,1295,1622,0,322.47,9,0.55487053,35.83,9/1/2023,9/30/2023,,,,
Lipoma-Kochi-Sep23,Lipoma,Kochi,Lipoma-Kochi-Video,Meta Leads,0,2103,2200,0,320.61,19,0.86363636,16.87421053,9/1/2023,9/30/2023,,,,
Circumcision-Bangalore-Sep23,Circumcision,Bangalore,Circumcision-Bangalore-Man with black t-shirt,Meta Leads,0,1022,1260,0,313.98,5,0.3968254,62.796,9/1/2023,9/30/2023,,,,
Lipoma-Trivandrum-Sep23,Lipoma,Trivandrum,Lipoma-Trivandrum-Girl looking on lipoma,Meta Leads,0,2573,3196,0,311.63,18,0.56320401,17.31277778,9/1/2023,9/30/2023,,,,
Circumcision-Coimbatore,Circumcision,Coimbatore,Circumcision-Coimbatore-Pen on Surgeon's Hand,Meta Leads,0,2007,2258,0,305.08,6,0.26572188,50.84666667,9/1/2023,9/30/2023,,,,
001-Piles-Vizag-Procto-LG,Piles,Vizag,Ad-03-001-Piles-Vizag-Procto-LG,Meta Leads,0,1307,1578,0,299.43,10,0.63371356,29.943,9/1/2023,9/30/2023,,,,
Circumcision-Kochi-Sep23,Circumcision,Kochi,Circumcision-Kochi-Man with black t-shirt,Meta Leads,1,2341,2877,299.13,299.13,19,0.66041015,15.74368421,9/1/2023,9/30/2023,,,,
LASIK-Bangalore-Sep23,LASIK,Bangalore,LASIK-Bangalore-Video,Meta Leads,3,2050,2185,95.85,287.55,13,0.59496568,22.11923077,9/1/2023,9/30/2023,,,,
Circumcision-Bangalore-Sep23,Circumcision,Bangalore,Circumcision-Bangalore-Banana on surgeon's hand,Meta Leads,1,1788,2044,287.22,287.22,14,0.68493151,20.51571429,9/1/2023,9/30/2023,,,,
Circumcision-Bangalore-Sep23,Circumcision,Bangalore,Circumcision-Bangalore-Pen,Meta Leads,0,2227,2386,0,280.97,3,0.12573345,93.65666667,9/1/2023,9/30/2023,,,,
Piles-Chennai-Sep23,Piles,Chennai,Piles-Chennai-Man sitting on a sofa,Meta Leads,0,1283,1655,0,280.69,13,0.78549849,21.59153846,9/1/2023,9/30/2023,,,,
Lipoma-Chennai-Sep23,Lipoma,Chennai,Lipoma-Chennai-Girl's hand,Meta Leads,0,1654,2334,0,280.42,14,0.59982862,20.03,9/1/2023,9/30/2023,,,,
Circumcision-Vizag-Sep23,Circumcision,Vizag,Circumcision-Vizag-Man with black t-shirt,Meta Leads,0,2150,2643,0,271.5,7,0.26485055,38.78571429,9/1/2023,9/30/2023,,,,
Circumcision-Chennai-Sep23,Circumcision,Chennai,Circumcision-Chennai-Pen,Meta Leads,0,1872,2053,0,268.7,2,0.09741841,134.35,9/1/2023,9/30/2023,,,,
Lipoma-Coimbatore-Sep23,Lipoma,Coimbatore,Lipoma-Coimbatore-Girl Holding a Makeup Brush,Meta Leads,1,1292,1695,267.06,267.06,10,0.5899705,26.706,9/1/2023,9/30/2023,,,,
Gynecomastia-Bangalore-Sep23,Gynecomastia,Bangalore,Gynecomastia-Bangalore-Grade 1 to 4,Meta Leads,2,1651,1958,133.06,266.12,14,0.71501532,19.00857143,9/1/2023,9/30/2023,,,,
Piles-Vizag-Sep23,Piles,Vizag,Piles-Vizag-Man sitting on a sofa,Meta Leads,0,3271,3805,0,264.16,7,0.18396846,37.73714286,9/1/2023,9/30/2023,,,,
Piles-Kochi-Sep23,Piles,Kochi,Piles-Kochi-Video-Man Driving a Car,Meta Leads,0,1677,2242,0,258.19,16,0.71364853,16.136875,9/1/2023,9/30/2023,,,,
001-Varicose Vein-Bangalore-Vascular-LG,Varicose Vein,Bangalore,Ad-05-001-Varicose Vein-Bangalore-Vascular-LG,Meta Leads,1,1149,1338,256.56,256.56,8,0.59790732,32.07,9/1/2023,9/30/2023,,,,
Varicose Vein-Bangalore-Sep23,Varicose Vein,Bangalore,Varicose Vein-Bangalore-Weight on leg,Meta Leads,1,744,815,253.83,253.83,5,0.61349693,50.766,9/1/2023,9/30/2023,,,,
Circumcision-Coimbatore,Circumcision,Coimbatore,Circumcision-Coimbatore-Man with black t-shirt,Meta Leads,0,2418,2655,0,250.29,15,0.56497175,16.686,9/1/2023,9/30/2023,,,,
Piles-Vizag-Sep23,Piles,Vizag,Piles-Vizag-Girl holding cactus,Meta Leads,0,2662,3146,0,249.88,11,0.34965035,22.71636364,9/1/2023,9/30/2023,,,,
Cataract-Bangalore-Oct23,Cataract,Bangalore,Cataract-Bangalore-Old Man Looking at Some where,Meta Leads,0,933,1040,0,248.54,1,0.09615385,248.54,9/1/2023,9/30/2023,,,,
LASIK-Chennai-Sep23,LASIK,Chennai,LASIK-Chennai-Video,Meta Leads,1,1207,1351,245.7,245.7,17,1.25832717,14.45294118,9/1/2023,9/30/2023,,,,
Lipoma-Hyderabad-Sep23,Lipoma,Hyderabad,Lipoma-Hyderabad-Girl's forehead,Meta Leads,3,819,949,78.96666667,236.9,11,1.15911486,21.53636364,9/1/2023,9/30/2023,,,,
Lipoma-Kochi-Sep23,Lipoma,Kochi,Lipoma-Kochi-Child Giving a Drawing to Dad,Meta Leads,0,1434,1987,0,236.31,20,1.00654253,11.8155,9/1/2023,9/30/2023,,,,
Lipoma-Hyderabad-Sep23,Lipoma,Hyderabad,Lipoma-Hyderabad-Girl's hand,Meta Leads,0,795,857,0,235.12,3,0.35005834,78.37333333,9/1/2023,9/30/2023,,,,
Gynecomastia-Hyderabad-Sep23,Gynecomastia,Hyderabad,Gynecomastia-Hyderabad-Man holding bag strap,Meta Leads,2,2120,2351,117.385,234.77,8,0.34028073,29.34625,9/1/2023,9/30/2023,,,,
Piles-Kolkata-LG,Piles,Kolkata,Piles-Kolkata-LG-Man Standing on Theatre,Meta Leads,1,1194,1290,224.17,224.17,7,0.54263566,32.02428571,9/1/2023,9/30/2023,,,,
Circumcision-Trivandrum-Sep23,Circumcision,Trivandrum,Circumcision-Trivandrum-Pen,Meta Leads,0,1806,2089,0,213,5,0.23934897,42.6,9/1/2023,9/30/2023,,,,
Piles-Bangalore-Sep23,Piles,Bangalore,Piles-Bangalore-Man Driving a Car,Meta Leads,1,203,236,209.97,209.97,2,0.84745763,104.985,9/1/2023,9/30/2023,,,,
Lipoma-Coimbatore-Sep23,Lipoma,Coimbatore,Lipoma-Coimbatore-Girl's forehead,Meta Leads,0,1018,1297,0,205.86,6,0.46260601,34.31,9/1/2023,9/30/2023,,,,
Piles-Bangalore-Sep23,Piles,Bangalore,Piles-Bangalore-Man Standing Inside a Theatre,Meta Leads,0,508,578,0,198.39,1,0.17301038,198.39,9/1/2023,9/30/2023,,,,
Circumcision-Chennai-Sep23,Circumcision,Chennai,Circumcision-Chennai-Video,Meta Leads,0,638,781,0,198.1,8,1.02432778,24.7625,9/1/2023,9/30/2023,,,,
LASIK-Bangalore-Sep23,LASIK,Bangalore,LASIK-Bangalore-Man throwing glasses into a wastebasket,Meta Leads,2,1242,1329,97.165,194.33,9,0.6772009,21.59222222,9/1/2023,9/30/2023,,,,
001-Piles-Kochi-Procto-LG,Piles,Kochi,Ad-04-001-Piles-Kochi-Procto-LG,Meta Leads,0,1083,1342,0,183.46,12,0.89418778,15.28833333,9/1/2023,9/30/2023,,,,
Lipoma-Bangalore-Sep23,Lipoma,Bangalore,Lipoma-Bangalore-Girl's hand,Meta Leads,1,1200,1456,182.36,182.36,14,0.96153846,13.02571429,9/1/2023,9/30/2023,,,,
LASIK-Bangalore-Sep23,LASIK,Bangalore,LASIK-Bangalore-Man with green shirt turning face against glasses,Meta Leads,1,1038,1110,175.17,175.17,3,0.27027027,58.39,9/1/2023,9/30/2023,,,,
Liposuction-Vizag-Sep23,Liposuction,Vizag,Liposuction-Vizag-Weight on leg,Meta Leads,0,662,732,0,174.09,3,0.40983607,58.03,9/1/2023,9/30/2023,,,,
001-Lipoma-Kochi-Cosmetic-LG,Lipoma,Kochi,Ad-05-001-Lipoma-Kochi-Cosmetic-LG,Meta Leads,0,791,1025,0,163.58,9,0.87804878,18.17555556,9/1/2023,9/30/2023,,,,
001-Varicose Vein-Bangalore-Vascular-LG,Varicose Vein,Bangalore,Ad-03-001-Varicose Vein-Bangalore-Vascular-LG,Meta Leads,1,495,561,159.72,159.72,5,0.8912656,31.944,9/1/2023,9/30/2023,,,,
Hair Transplant-Chennai-Sep23,Hair Transplant,Chennai,Hair Transplant-Chennai-Illustration,Meta Leads,1,123,135,156.96,156.96,0,0,0,9/1/2023,9/30/2023,,,,
Piles-Hyderabad-Sep23,Piles,Hyderabad,Piles-Hyderabad-Man sitting on a sofa,Meta Leads,1,1599,1682,144.27,144.27,7,0.41617122,20.61,9/1/2023,9/30/2023,,,,
Cataract-Bangalore-Oct23,Cataract,Bangalore,Cataract-Bangalore-Old Man Looking at a Family Photo,Meta Leads,0,737,809,0,141.95,1,0.12360939,141.95,9/1/2023,9/30/2023,,,,
Lipoma-Vizag-Sep23,Lipoma,Vizag,Lipoma-Vizag-Girl's forehead,Meta Leads,0,1343,1555,0,140.77,6,0.38585209,23.46166667,9/1/2023,9/30/2023,,,,
Gynecomastia-Bangalore-Sep23,Gynecomastia,Bangalore,Gynecomastia-Bangalore-Man with Towel on Neck,Meta Leads,0,875,1058,0,139.17,9,0.85066163,15.46333333,9/1/2023,9/30/2023,,,,
001-Circumcision-Bangalore-Urology-LG,Circumcision,Bangalore,Ad-04-001-Circumsicion-Bangalore-Urology-LG,Meta Leads,0,813,919,0,138.86,5,0.54406964,27.772,9/1/2023,9/30/2023,,,,
Lipoma-Kochi-Sep23,Lipoma,Kochi,Lipoma-Kochi-Girl Holding a Makeup Brush,Meta Leads,0,1010,1142,0,136.45,2,0.17513135,68.225,9/1/2023,9/30/2023,,,,
Lipoma-Bangalore-Sep23,Lipoma,Bangalore,Lipoma-Bangalore-Girl's forehead,Meta Leads,2,738,934,67.135,134.27,11,1.17773019,12.20636364,9/1/2023,9/30/2023,,,,
Piles-Bangalore-Sep23,Piles,Bangalore,Piles-Bangalore-Man sitting on a sofa,Meta Leads,0,81,85,0,133.28,0,0,0,9/1/2023,9/30/2023,,,,
001-Lipoma-Kochi-Cosmetic-LG,Lipoma,Kochi,Ad-04-001-Lipoma-Kochi-Cosmetic-LG,Meta Leads,0,565,702,0,125.89,2,0.28490028,62.945,9/1/2023,9/30/2023,,,,
Circumcision-Hyderabad-Sep23,Circumcision,Hyderabad,Circumcision-Hyderabad-Man with black t-shirt,Meta Leads,0,428,538,0,121.06,5,0.92936803,24.212,9/1/2023,9/30/2023,,,,
Lipoma-Kochi-Sep23,Lipoma,Kochi,Lipoma-Kochi-Girl looking on lipoma,Meta Leads,0,1068,1138,0,119.17,1,0.08787346,119.17,9/1/2023,9/30/2023,,,,
Varicose Vein-Bangalore-Sep23,Varicose Vein,Bangalore,Varicose Vein-Bangalore-Red dress girl holding leg,Meta Leads,0,368,407,0,113.18,0,0,0,9/1/2023,9/30/2023,,,,
Lipoma-Chennai-Sep23,Lipoma,Chennai,Lipoma-Chennai-Girl Striking Lump,Meta Leads,0,585,883,0,111.92,4,0.45300113,27.98,9/1/2023,9/30/2023,,,,
Lipoma-Hyderabad-Sep23,Lipoma,Hyderabad,Lipoma-Hyderabad-Child Giving a Drawing to Dad,Meta Leads,0,299,312,0,111.05,1,0.32051282,111.05,9/1/2023,9/30/2023,,,,
Cataract-Chennai-Sep23,Cataract,Chennai,Cataract-Chennai-old man eye,Meta Leads,0,345,385,0,109.19,4,1.03896104,27.2975,9/1/2023,9/30/2023,,,,
Piles-Hyderabad-Sep23,Piles,Hyderabad,Piles-Hyderabad-plastic body & tissue paper,Meta Leads,0,685,742,0,107.46,1,0.13477089,107.46,9/1/2023,9/30/2023,,,,
Lipoma-Trivandrum-Sep23,Lipoma,Trivandrum,Lipoma-Trivandrum-Girl Holding a Makeup Brush,Meta Leads,0,769,925,0,106.3,2,0.21621622,53.15,9/1/2023,9/30/2023,,,,
Lipoma-Trivandrum-Sep23,Lipoma,Trivandrum,Lipoma-Trivandrum-Girl Striking a Lump,Meta Leads,0,734,891,0,101.26,2,0.22446689,50.63,9/1/2023,9/30/2023,,,,
LASIK-Vizag-Sep23,LASIK,Vizag,LASIK-Vizag-Video,Meta Leads,0,1051,1143,0,99.56,2,0.17497813,49.78,9/1/2023,9/30/2023,,,,
Piles-Hyderabad-Sep23,Piles,Hyderabad,Piles-Hyderabad-Girl holding cactus,Meta Leads,0,576,669,0,97.35,4,0.59790732,24.3375,9/1/2023,9/30/2023,,,,
Varicose Vein-Bangalore-Sep23,Varicose Vein,Bangalore,Varicose Vein-Bangalore-Red dress girl holding leg,Meta Leads,1,613,662,92.03,92.03,3,0.45317221,30.67666667,9/1/2023,9/30/2023,,,,
Cataract-Chennai-Sep23,Cataract,Chennai,Cataract-Chennai-Old Man Looking at Some where,Meta Leads,0,43,49,0,90.88,0,0,0,9/1/2023,9/30/2023,,,,
Lipoma-Vizag-Sep23,Lipoma,Vizag,Lipoma-Vizag-Girl's hand,Meta Leads,0,518,622,0,88.12,2,0.32154341,44.06,9/1/2023,9/30/2023,,,,
Liposuction-Vizag-Sep23,Liposuction,Vizag,Liposuction-Vizag-Red dress girl holding leg,Meta Leads,0,112,119,0,85.76,2,1.68067227,42.88,9/1/2023,9/30/2023,,,,
001-Varicose Vein-Bangalore-Vascular-LG,Varicose Vein,Bangalore,Ad-02-001-Varicose Vein-Bangalore-Vascular-LG,Meta Leads,0,465,533,0,84.36,2,0.37523452,42.18,9/1/2023,9/30/2023,,,,
Lipoma-Chennai-Sep23,Lipoma,Chennai,Lipoma-Chennai-Girl's hand,Meta Leads,0,403,525,0,75.97,3,0.57142857,25.32333333,9/1/2023,9/30/2023,,,,
Cataract-Bangalore-Sep23,Cataract,Bangalore,Cataract-Bangalore-Video,Meta Leads,0,280,306,0,73.51,5,1.63398693,14.702,9/1/2023,9/30/2023,,,,
Circumcision-Chennai-Sep23,Circumcision,Chennai,Circumcision-Chennai-Pen,Meta Leads,0,277,300,0,69.24,1,0.33333333,69.24,9/1/2023,9/30/2023,,,,
LASIK-Chennai-Sep23,LASIK,Chennai,LASIK-Chennai-girl jumping and hitting the glasses,Meta Leads,0,285,317,0,68.49,2,0.63091483,34.245,9/1/2023,9/30/2023,,,,
Piles-Trivandrum-Sep23,Piles,Trivandrum,Piles-Trivandrum-Girl holding cactus,Meta Leads,0,508,652,0,66.85,2,0.30674847,33.425,9/1/2023,9/30/2023,,,,
Cataract-Chennai-Sep23,Cataract,Chennai,Cataract-Chennai-Man Hanging and Whipping Cataract,Meta Leads,0,49,59,0,66.21,0,0,0,9/1/2023,9/30/2023,,,,
Piles-Hyderabad-Sep23,Piles,Hyderabad,Piles-Hyderabad-Man Driving a Car,Meta Leads,0,300,311,0,65.79,0,0,0,9/1/2023,9/30/2023,,,,
Lipoma-Hyderabad-Sep23,Lipoma,Hyderabad,Lipoma-Hyderabad-Girl's hand,Meta Leads,0,29,32,0,63.53,0,0,0,9/1/2023,9/30/2023,,,,
Lipoma-Bangalore-Sep23,Lipoma,Bangalore,Lipoma-Bangalore-Girl looking on lipoma,Meta Leads,0,414,467,0,61.74,4,0.85653105,15.435,9/1/2023,9/30/2023,,,,
LASIK-Chennai-Sep23,LASIK,Chennai,LASIK-Chennai-Man with green shirt turning face against glasses,Meta Leads,0,256,269,0,61.42,1,0.37174721,61.42,9/1/2023,9/30/2023,,,,
Piles-Bangalore-Sep23,Piles,Bangalore,Piles-Bangalore-Video-Man Driving a Car,Meta Leads,0,342,389,0,55.01,0,0,0,9/1/2023,9/30/2023,,,,
Circumcision-Bangalore-Sep23,Circumcision,Bangalore,Circumcision-Bangalore-Man with black t-shirt,Meta Leads,0,593,621,0,54.68,2,0.32206119,27.34,9/1/2023,9/30/2023,,,,
LASIK-Vizag-Sep23,LASIK,Vizag,LASIK-Vizag-Man throwing glasses into a wastebasket,Meta Leads,0,314,337,0,54.15,1,0.29673591,54.15,9/1/2023,9/30/2023,,,,
001-Piles-Kochi-Procto-LG,Piles,Kochi,Ad-03-001-Piles-Kochi-Procto-LG,Meta Leads,0,165,201,0,54.04,1,0.49751244,54.04,9/1/2023,9/30/2023,,,,
Piles-Hyderabad-Sep23,Piles,Hyderabad,Piles-Hyderabad-Girl holding cactus,Meta Leads,0,441,461,0,53.87,3,0.65075922,17.95666667,9/1/2023,9/30/2023,,,,
Lipoma-Vizag-Sep23,Lipoma,Vizag,Lipoma-Vizag-Girl looking on lipoma,Meta Leads,0,345,415,0,52.78,0,0,0,9/1/2023,9/30/2023,,,,
Cataract-Chennai-Sep23,Cataract,Chennai,Cataract-Chennai-Old women eye,Meta Leads,0,322,338,0,52.72,3,0.88757396,17.57333333,9/1/2023,9/30/2023,,,,
Lipoma-Kochi-Sep23,Lipoma,Kochi,Lipoma-Kochi-Girl Striking a Lump,Meta Leads,0,340,411,0,50.42,0,0,0,9/1/2023,9/30/2023,,,,
LASIK-Vizag-Sep23,LASIK,Vizag,LASIK-Vizag-Girl jumping and hitting the glasses,Meta Leads,0,207,221,0,48.72,1,0.45248869,48.72,9/1/2023,9/30/2023,,,,
Cataract-Chennai-Sep23,Cataract,Chennai,Cataract-Chennai-Old man reading book,Meta Leads,0,260,269,0,47.53,1,0.37174721,47.53,9/1/2023,9/30/2023,,,,
Lipoma-Chennai-Sep23,Lipoma,Chennai,Lipoma-Chennai-Girl's forehead,Meta Leads,0,253,295,0,42.64,2,0.6779661,21.32,9/1/2023,9/30/2023,,,,
Lipoma-Chennai-Sep23,Lipoma,Chennai,Lipoma-Chennai-Girl Holding Makeup Brush,Meta Leads,0,260,369,0,42.2,1,0.27100271,42.2,9/1/2023,9/30/2023,,,,
Piles-Bangalore-Sep23,Piles,Bangalore,Piles-Bangalore-Girl holding cactus,Meta Leads,0,173,177,0,41.13,0,0,0,9/1/2023,9/30/2023,,,,
LASIK-Bangalore-Sep23,LASIK,Bangalore,LASIK-Bangalore-girl jumping and hitting the glasses,Meta Leads,0,185,194,0,40.14,0,0,0,9/1/2023,9/30/2023,,,,
Lipoma-Kochi-Sep23,Lipoma,Kochi,Lipoma-Kochi-Girl's forehead,Meta Leads,0,199,218,0,40.13,1,0.4587156,40.13,9/1/2023,9/30/2023,,,,
Hair Transplant-Chennai-Sep23,Hair Transplant,Chennai,Hair Transplant-Chennai-Doctor checking man's hair,Meta Leads,0,149,163,0,36.22,1,0.61349693,36.22,9/1/2023,9/30/2023,,,,
Piles-Hyderabad-Sep23,Piles,Hyderabad,Piles-Hyderabad-Man Standing Inside a Theatre,Meta Leads,0,301,341,0,35.08,3,0.8797654,11.69333333,9/1/2023,9/30/2023,,,,
Cataract-Bangalore-Sep23,Cataract,Bangalore,Cataract-Bangalore-Old man reading book,Meta Leads,0,221,243,0,33.5,2,0.82304527,16.75,9/1/2023,9/30/2023,,,,
Cataract-Vizag-Sep23,Cataract,Vizag,Cataract-Vizag-Video,Meta Leads,0,297,319,0,31.85,0,0,0,9/1/2023,9/30/2023,,,,
001-Piles-Kochi-Procto-LG,Piles,Kochi,Ad-01-001-Piles-Kochi-Procto-LG,Meta Leads,0,155,185,0,31.8,2,1.08108108,15.9,9/1/2023,9/30/2023,,,,
Gynecomastia-Bangalore-Sep23,Gynecomastia,Bangalore,Gynecomastia-Bangalore-Man with Towel on Neck,Meta Leads,0,73,82,0,31.48,0,0,0,9/1/2023,9/30/2023,,,,
LASIK-Chennai-Sep23,LASIK,Chennai,LASIK-Chennai-Man throwing glasses into a wastebasket,Meta Leads,0,147,152,0,31.15,0,0,0,9/1/2023,9/30/2023,,,,
Lipoma-Bangalore-Sep23,Lipoma,Bangalore,Lipoma-Bangalore-Girl Holding a Makeup Brush,Meta Leads,0,11,17,0,31.03,1,5.88235294,31.03,9/1/2023,9/30/2023,,,,
Gynecomastia-Trivandrum-Sep23,Gynecomastia,Trivandrum,Gynecomastia-Trivandrum-Man with Towel on Neck,Meta Leads,0,293,327,0,30.82,0,0,0,9/1/2023,9/30/2023,,,,
Lipoma-Chennai-Sep23,Lipoma,Chennai,Lipoma-Chennai-Child giving a Drawing to Dad,Meta Leads,0,156,214,0,30.24,0,0,0,9/1/2023,9/30/2023,,,,
001-Circumcision-Chennai-Urology-LG,Circumcision,Chennai,Ad-01-001-Circumsicion-Chennai-Urology-LG,Meta Leads,0,162,180,0,28.35,3,1.66666667,9.45,9/1/2023,9/30/2023,,,,
LASIK-Vizag-Sep23,LASIK,Vizag,LASIK-Vizag-Man with green shirt turning face against glasses,Meta Leads,0,198,211,0,28.32,1,0.47393365,28.32,9/1/2023,9/30/2023,,,,
Cataract-Vizag-Sep23,Cataract,Vizag,Cataract-Vizag-old man eye,Meta Leads,0,165,174,0,28.24,1,0.57471264,28.24,9/1/2023,9/30/2023,,,,
Lipoma-Hyderabad-Sep23,Lipoma,Hyderabad,Lipoma-Hyderabad-Girl Striking a Lump,Meta Leads,0,205,218,0,27.38,0,0,0,9/1/2023,9/30/2023,,,,
Cataract-Bangalore-Sep23,Cataract,Bangalore,Cataract-Bangalore-Old women eye,Meta Leads,0,118,125,0,26.9,0,0,0,9/1/2023,9/30/2023,,,,
Lipoma-Hyderabad-Sep23,Lipoma,Hyderabad,Lipoma-Hyderabad-Girl Holding a Makeup Brush,Meta Leads,0,205,212,0,26.75,3,1.41509434,8.91666667,9/1/2023,9/30/2023,,,,
Gynecomastia-Hyderabad-Sep23,Gynecomastia,Hyderabad,Gynecomastia-Hyderabad-Man with Towel on Neck,Meta Leads,0,163,174,0,16.97,0,0,0,9/1/2023,9/30/2023,,,,
Cataract-Vizag-Sep23,Cataract,Vizag,Cataract-Vizag-Old women eye,Meta Leads,0,108,112,0,16.88,0,0,0,9/1/2023,9/30/2023,,,,
Gynecomastia-Kochi-Sep23,Gynecomastia,Kochi,Gynecomastia-Kochi-Man with Towel on Neck,Meta Leads,0,12,17,0,16.74,0,0,0,9/1/2023,9/30/2023,,,,
Lipoma-Chennai-Sep23,Lipoma,Chennai,Lipoma-Chennai-Girl looking on lipoma,Meta Leads,0,17,21,0,14.8,0,0,0,9/1/2023,9/30/2023,,,,
Piles-Bangalore-Sep23,Piles,Bangalore,Piles-Bangalore-Man Standing on a Scooter While Driving,Meta Leads,0,30,30,0,14.26,0,0,0,9/1/2023,9/30/2023,,,,
Lipoma-Kochi-Sep23,Lipoma,Kochi,Lipoma-Kochi-Girl looking on lipoma,Meta Leads,0,115,119,0,11.5,0,0,0,9/1/2023,9/30/2023,,,,
Piles-Bangalore-Sep23,Piles,Bangalore,Piles-Bangalore-Man Standing inside a Theatre,Meta Leads,0,63,75,0,11.36,0,0,0,9/1/2023,9/30/2023,,,,
Cataract-Vizag-Sep23,Cataract,Vizag,Cataract-Vizag-Old man reading book,Meta Leads,0,123,129,0,11.04,0,0,0,9/1/2023,9/30/2023,,,,
Cataract-Chennai-Sep23,Cataract,Chennai,Cataract-Chennai-Old Man Looking at a Family Photo,Meta Leads,0,88,91,0,11.01,0,0,0,9/1/2023,9/30/2023,,,,
Gynecomastia-Hyderabad-Sep23,Gynecomastia,Hyderabad,Gynecomastia-Hyderabad-Man with Towel on Neck,Meta Leads,0,52,60,0,10.65,0,0,0,9/1/2023,9/30/2023,,,,
Lipoma-Kochi-Sep23,Lipoma,Kochi,Lipoma-Kochi-Girl's hand,Meta Leads,0,65,68,0,10.47,0,0,0,9/1/2023,9/30/2023,,,,
Cataract-Bangalore-Sep23,Cataract,Bangalore,Cataract-Bangalore-old man eye,Meta Leads,0,90,98,0,7.75,0,0,0,9/1/2023,9/30/2023,,,,
Lipoma-Bangalore-Sep23,Lipoma,Bangalore,Lipoma-Bangalore-Girl's forehead,Meta Leads,0,20,20,0,7.55,0,0,0,9/1/2023,9/30/2023,,,,
Gynecomastia-Vizag-Sep23,Gynecomastia,Vizag,Gynecomastia-Vizag-Man with Towel on Neck,Meta Leads,0,17,24,0,5.93,0,0,0,9/1/2023,9/30/2023,,,,
Piles-Hyderabad-Sep23,Piles,Hyderabad,Piles-Hyderabad-Man Standing on a Bike While Driving,Meta Leads,0,49,50,0,4.1,0,0,0,9/1/2023,9/30/2023,,,,
Lipoma-Vizag-Sep23,Lipoma,Vizag,Lipoma-Vizag-Girl Holding a Makeup Brush,Meta Leads,0,3,4,0,1.72,0,0,0,9/1/2023,9/30/2023,,,,
Lipoma-Bangalore-Sep23,Lipoma,Bangalore,Lipoma-Bangalore-Girl looking on lipoma,Meta Leads,0,4,4,0,1.51,0,0,0,9/1/2023,9/30/2023,,,,
Lipoma-Bangalore-Sep23,Lipoma,Bangalore,Lipoma-Bangalore-Girl Striking Lump,Meta Leads,0,4,6,0,1.39,0,0,0,9/1/2023,9/30/2023,,,,
Lipoma-Vizag-Sep23,Lipoma,Vizag,Lipoma-Vizag-Child Giving a Drawing to Dad,Meta Leads,0,19,22,0,1.32,0,0,0,9/1/2023,9/30/2023,,,,
Lipoma-Bangalore-Sep23,Lipoma,Bangalore,Lipoma-Bangalore-Girl's hand,Meta Leads,0,8,8,0,0.82,0,0,0,9/1/2023,9/30/2023,,,,
Lipoma-Hyderabad-Sep23,Lipoma,Hyderabad,Lipoma-Hyderabad-Girl's forehead,Meta Leads,0,9,10,0,0.49,0,0,0,9/1/2023,9/30/2023,,,,
Lipoma-Vizag-Sep23,Lipoma,Vizag,Lipoma-Vizag-Girl Striking a Lump,Meta Leads,0,6,6,0,0.3,0,0,0,9/1/2023,9/30/2023,,,,
Lipoma-Bangalore-Sep23,Lipoma,Bangalore,Lipoma-Bangalore-Child Giving a Drawing to Dad,Meta Leads,0,3,3,0,0.15,0,0,0,9/1/2023,9/30/2023,,,,
